{"stats":{"minecraft:custom":{"minecraft:time_since_rest":111340,"minecraft:crouch_one_cm":24167,"minecraft:sprint_one_cm":18730,"minecraft:play_time":269930,"minecraft:damage_taken":720,"minecraft:deaths":1,"minecraft:walk_one_cm":43653,"minecraft:sneak_time":11664,"minecraft:interact_with_anvil":1,"minecraft:drop":1,"minecraft:jump":460,"minecraft:leave_game":7,"minecraft:time_since_death":111314,"minecraft:total_world_time":294292,"minecraft:play_noteblock":128009,"minecraft:fall_one_cm":13559,"minecraft:tune_noteblock":1644,"minecraft:fly_one_cm":252496},"minecraft:dropped":{"minecraft:note_block":1},"minecraft:used":{"minecraft:glass":1,"minecraft:white_wool":1,"minecraft:glowstone":2,"minecraft:soul_sand":6,"minecraft:dirt":3,"minecraft:anvil":1,"minecraft:hay_block":7,"minecraft:purple_bed":2,"minecraft:iron_block":6,"minecraft:barrier":12,"minecraft:oak_planks":1,"minecraft:oak_sign":48,"minecraft:gold_block":5,"minecraft:spruce_planks":2,"minecraft:note_block":44,"minecraft:stone":107,"minecraft:cherry_planks":5,"minecraft:pumpkin":8},"minecraft:picked_up":{"minecraft:oak_sign":2,"minecraft:note_block":1,"minecraft:oak_planks":1,"minecraft:dirt":1},"minecraft:mined":{"minecraft:dirt":1,"minecraft:oak_planks":1,"minecraft:oak_wall_sign":2}},"DataVersion":4189}